Comparison,p-value,Significant,Baseline_R2,Our_Model_R2,Improvement_Percent,Sample_Size
Bi-TSENet vs. LSTM,1.5359534739920497e-43,Yes,0.8844527052967113,0.9098586705046231,2.8725069249902715,6
Bi-TSENet vs. TCN,2.6757826004135497e-22,Yes,0.8939726161883788,0.9098586705046231,1.7770180012870576,6
Bi-TSENet vs. Con-LSTM,1.1161042176804503e-27,Yes,0.8955317751795122,0.9098586705046231,1.5998198748714436,6
Bi-TSENet vs. STGCN,1.18095793775522e-17,Yes,0.8984874482229475,0.9098586705046231,1.2655961198084569,6
Bi-TSENet vs. GMAN,9.89436792826856e-06,Yes,0.9040468997073391,0.9098586705046231,0.642861647904043,6
Bi-TSENet vs. ASTGCN,1.0909711313979622e-09,Yes,0.9045576877813816,0.9098586705046231,0.5860303654312319,6
Bi-TSENet vs. Graph-WaveNet,0.0007619701489831139,Yes,0.9067511959135426,0.9098586705046231,0.34270421754997166,6
