Comparison,p-value,Significant,Baseline_R2,Our_Model_R2,Improvement_Percent,Sample_Size
Bi-TSENet vs. LSTM,4.350528056200264e-52,Yes,0.8844527052967113,0.9098586705046231,2.8725069249902715,6
Bi-TSENet vs. TCN,1.0724567267157419e-35,Yes,0.8939726161883788,0.9098586705046231,1.7770180012870576,6
Bi-TSENet vs. Con-LSTM,4.350528056200264e-52,Yes,0.8955317751795122,0.9098586705046231,1.5998198748714436,6
Bi-TSENet vs. STGCN,6.725823669093834e-30,Yes,0.8984874482229475,0.9098586705046231,1.2655961198084569,6
Bi-TSENet vs. GMAN,2.888594791947938e-06,Yes,0.9040468997073391,0.9098586705046231,0.642861647904043,6
Bi-TSENet vs. ASTGCN,5.16171656817969e-20,Yes,0.9045576877813816,0.9098586705046231,0.5860303654312319,6
Bi-TSENet vs. Graph-WaveNet,6.7500171112654444e-09,Yes,0.9067511959135426,0.9098586705046231,0.34270421754997166,6
