demand_time,sample_count,MAE,RMSE,MAPE,R2
5,2400,1.4421663885761646,4.6705661200020305,39.10774719171602,0.8602238510726122
15,2400,1.4331184895073572,3.860162185786495,40.65076320955361,0.8692846300289873
30,2400,1.6045382482631183,4.283226332238961,41.1985684467561,0.8972093914995722
60,2400,1.628136146538045,4.632511053513992,41.25883131981951,0.8633627557786925
