demand_time,scene_type,sample_count,MAE,RMSE,MAPE,R2
5,3,600,1.9981193151800243,6.637565996643336,53.40185252151512,0.6864062817215442
5,4,1800,1.256848746374878,3.794709877599229,34.87245672362741,0.9106708250301409
15,3,600,1.7121647528237516,5.101260183617219,43.88753710180447,0.7898331391121798
15,4,1800,1.3401030684018926,3.345671479257216,39.57734329630714,0.8989019097489745
30,3,600,1.897616257303195,5.193508693417213,40.52200543327248,0.8605474823107585
30,4,1800,1.506845578583093,3.93325898393604,41.42842639364477,0.9108162908661036
60,3,600,2.167725571489202,6.636845299477825,41.12644133913464,0.8060265484318245
60,4,1800,1.4482730048876595,3.7324218730165177,41.310266616369375,0.8954726005765504
