MAE,RMSE,MAPE,R2
1.5269898182211712,4.37382059691528,40.56316902304116,0.8737333174274777
