validation_scheme,vehicle_type,sample_count,MAE,RMSE,MAPE,R2
position_aware,B1,1600,6.153416768961676,10.395125216616444,38.498596801543314,0.8170586438728282
position_aware,B2,1600,0.01962616955911542,0.1356955228347466,13.078018631247069,0.24646742457107518
position_aware,B3,1600,0.09724516827763591,0.36688733605084456,83.65132434517132,0.028088561511651178
position_aware,T1,1600,0.9978800257141662,1.4714152725178837,40.119038625796165,0.3831455020757326
position_aware,T2,1600,1.3412131238130212,1.8815033337751805,38.42102904396136,0.35786852017157367
position_aware,T3,1600,0.5525576530014138,0.930093610014095,56.296607911116816,0.18317924371771654
