validation_scheme,scene_type,sample_count,MAE,RMSE,MAPE,R2
position_aware,3,2400,1.9439064741990433,5.939284171904794,44.37729264149255,0.7945271266127174
position_aware,4,7200,1.3880175995618809,3.7079252950656256,39.271871913454106,0.9050239045922929
